website	activeUsers	newUsers	totalUsers	eventCountPerUser	screenPageViewsPerUser	sessions	averageSessionDuration	screenPageViews	engagementRate
AnVIL Book: Getting Started	2851	2837	2853	12.281655559452824	3.4240617327253595	4367	200.2293545463705	9762	0.4575223265399588
AnVIL Book: AnVIL Demos	606	604	606	15.597359735973598	4.5528052805280526	1162	254.4528223158348	2759	0.4380378657487091
