website	activeUsers	newUsers	totalUsers	eventCountPerUser	screenPageViewsPerUser	sessions	averageSessionDuration	screenPageViews	engagementRate
AnVIL Book: Getting Started	2609	2598	2611	12.717133001149866	3.556918359524722	4070	202.78931524570024	9280	0.46535626535626534
AnVIL Book: AnVIL Demos	510	509	510	17.619607843137256	5.13921568627451	1052	276.6929906758555	2621	0.467680608365019
