website	activeUsers	newUsers	totalUsers	eventCountPerUser	screenPageViewsPerUser	sessions	averageSessionDuration	screenPageViews	engagementRate
AnVIL Book: Getting Started	2713	2701	2715	12.478068558791007	3.4865462587541467	4183	200.96538132106144	9459	0.461391345923978
AnVIL Book: AnVIL Demos	547	545	547	16.72212065813528	4.879341864716636	1095	266.64156842739726	2669	0.4557077625570776
