website	activeUsers	newUsers	totalUsers	eventCountPerUser	screenPageViewsPerUser	sessions	averageSessionDuration	screenPageViews	engagementRate
AnVIL Book: Getting Started	2814	2800	2816	12.311300639658848	3.434968017057569	4301	200.08826577935363	9666	0.4589630318530574
AnVIL Book: AnVIL Demos	591	589	591	15.88155668358714	4.637901861252115	1146	257.20842027835954	2741	0.4406631762652705
