website	activeUsers	newUsers	totalUsers	eventCountPerUser	screenPageViewsPerUser	sessions	averageSessionDuration	screenPageViews	engagementRate
AnVIL Book: Getting Started	2833	2819	2835	12.27532650900106	3.4232262619131664	4318	200.24027254492822	9698	0.45947197776748494
AnVIL Book: AnVIL Demos	593	591	593	15.838111298482293	4.6256323777403034	1148	256.76032198519164	2743	0.43989547038327526
