website	activeUsers	newUsers	totalUsers	eventCountPerUser	screenPageViewsPerUser	sessions	averageSessionDuration	screenPageViews	engagementRate
AnVIL Book: Getting Started	2561	2551	2563	12.844201483795393	3.5935181569699335	4003	203.88939153235074	9203	0.4691481388958281
AnVIL Book: AnVIL Demos	500	499	500	17.802	5.198	1038	279.32504086416185	2599	0.4682080924855491
