website	activeUsers	newUsers	totalUsers	eventCountPerUser	screenPageViewsPerUser	sessions	averageSessionDuration	screenPageViews	engagementRate
AnVIL Book: Getting Started	2657	2645	2659	12.586375611592022	3.5182536695521263	4120	201.14163564781555	9348	0.4638349514563107
AnVIL Book: AnVIL Demos	518	517	518	17.416988416988417	5.079150579150579	1061	274.5046553713478	2631	0.4646559849198869
