website	activeUsers	newUsers	totalUsers	eventCountPerUser	screenPageViewsPerUser	sessions	averageSessionDuration	screenPageViews	engagementRate
AnVIL Book: Getting Started	2684	2672	2686	12.538375558867362	3.504843517138599	4147	201.51788949939717	9407	0.46298529057149745
AnVIL Book: AnVIL Demos	532	530	532	17.097744360902254	4.9868421052631575	1079	270.24641993327157	2653	0.46153846153846156
