website	activeUsers	newUsers	totalUsers	eventCountPerUser	screenPageViewsPerUser	sessions	averageSessionDuration	screenPageViews	engagementRate
AnVIL Book: Getting Started	2793	2779	2795	12.335123523093447	3.4425349087003223	4279	199.30023918695957	9615	0.45851834540780556
AnVIL Book: AnVIL Demos	578	576	578	16.07266435986159	4.692041522491349	1130	260.21268630707965	2712	0.4451327433628319
