website	activeUsers	newUsers	totalUsers	eventCountPerUser	screenPageViewsPerUser	sessions	averageSessionDuration	screenPageViews	engagementRate
AnVIL Book: Getting Started	2763	2751	2765	12.364458921462179	3.4524068041983353	4229	199.64139067131708	9539	0.45897375266020335
AnVIL Book: AnVIL Demos	569	567	569	16.237258347978912	4.738137082601054	1119	261.69599911528155	2696	0.4477211796246649
