website	activeUsers	newUsers	totalUsers	eventCountPerUser	screenPageViewsPerUser	sessions	averageSessionDuration	screenPageViews	engagementRate
AnVIL Book: Getting Started	2585	2575	2587	12.767117988394585	3.571760154738878	4036	202.54660803221012	9233	0.46655104063429137
AnVIL Book: AnVIL Demos	505	504	505	17.736633663366337	5.176237623762376	1046	277.8401284550669	2614	0.46749521988527726
